tag,  eventpp-eventbus
                  10,               485
                  50,              2412
                 100,              4820
                 300,             14448
                1000,             48180
                5000,            240881
               10000,            481591
               20000,            962556
               50000,           2407057
              100000,           4813627
              200000,           9627929
              500000,          23579637
